{
  "id": "81f0849a-ece5-4123-ab1d-a6448994c16a",
  "name": "opf-iss-d0",
  "values": [
    {
      "key": "token",
      "value": "",
      "enabled": true
    },
    {
      "key": "rootUrl",
      "value": "https:\/\/opf-iss-d0.api.commerce.stage.context.cloud.sap",
      "enabled": true
    },
    {
      "key": "accountGroupId",
      "value": "49",
      "enabled": true
    },
    {
      "key": "accountId",
      "value": "27",
      "enabled": true
    },
    {
      "key": "authentication_outbound_basic_auth_username_export_52",
      "value": "Stripe Private Key_username",
      "enabled": true
    }
    ,
    {
      "key": "authentication_outbound_basic_auth_password_export_52",
      "value": "Stripe Private Key_password",
      "enabled": true
    }
    ,
    {
      "key": "capturePattern",
      "value": "AUTO_CAPTURE",
      "enabled": true
    }
    ,
    {
      "key": "supportOverCapture",
      "value": "false",
      "enabled": true
    }
    ,
    {
      "key": "enableOverCapture",
      "value": "false",
      "enabled": true
    }
    ,
    {
      "key": "authorizationTimeoutDays",
      "value": "7",
      "enabled": true
    }
    ,
    {
      "key": "checkoutLineItemName",
      "value": "SAP OPF Order",
      "enabled": true
    }
    ,
    {
      "key": "webhookSecret",
      "value": "",
      "enabled": true
    }
    ,
    {
      "key": "payButtonLabel",
      "value": "Place Order",
      "enabled": true
    }
    ,
    {
      "key": "publickey",
      "value": "",
      "enabled": true
    }
    ,
    {
      "key": "statementDescriptor",
      "value": "SAP OPF",
      "enabled": true
    }
    ,
    {
      "key": "captureMethod",
      "value": "automatic",
      "enabled": true
    }
    ,
    {
      "key": "setupFutureUsage",
      "value": "on_session",
      "enabled": true
    }
    
  ],
  "_postman_variable_scope": "environment",
  "_postman_exported_at": "",
  "_postman_exported_using": "Postman\/7.35.0"
}