{
  "id": "959257ea-c9c1-425f-be72-17c7a9605010",
  "name": "opf-iss-d0",
  "values": [
    {
      "key": "token",
      "value": "",
      "enabled": true
    },
    {
      "key": "rootUrl",
      "value": "https:\/\/opf-iss-d0.api.commerce.stage.context.cloud.sap",
      "enabled": true
    },
    {
      "key": "accountGroupId",
      "value": "68",
      "enabled": true
    },
    {
      "key": "accountId",
      "value": "45",
      "enabled": true
    },
    {
      "key": "authentication_outbound_basic_auth_username_export_52",
      "value": "Stripe Private Key_username",
      "enabled": true
    }
    ,
    {
      "key": "authentication_outbound_basic_auth_password_export_52",
      "value": "Stripe Private Key_password",
      "enabled": true
    }
    ,
    {
      "key": "authentication_outbound_basic_auth_username_export_81",
      "value": "Stripe Private Key_export_username",
      "enabled": true
    }
    ,
    {
      "key": "authentication_outbound_basic_auth_password_export_81",
      "value": "Stripe Private Key_export_password",
      "enabled": true
    }
    ,
    {
      "key": "capturePattern",
      "value": "CAPTURE_PER_SHIPMENT",
      "enabled": true
    }
    ,
    {
      "key": "supportOverCapture",
      "value": "false",
      "enabled": true
    }
    ,
    {
      "key": "enableOverCapture",
      "value": "false",
      "enabled": true
    }
    ,
    {
      "key": "authorizationTimeoutDays",
      "value": "7",
      "enabled": true
    }
    ,
    {
      "key": "payButtonLabel",
      "value": "Submit Payment",
      "enabled": true
    }
    ,
    {
      "key": "cardColor",
      "value": "#32325d",
      "enabled": true
    }
    ,
    {
      "key": "publickey",
      "value": "",
      "enabled": true
    }
    ,
    {
      "key": "checkoutLineItemName",
      "value": "SAP OPF Order",
      "enabled": true
    }
    ,
    {
      "key": "webhookSecret",
      "value": "",
      "enabled": true
    }
    
  ],
  "_postman_variable_scope": "environment",
  "_postman_exported_at": "",
  "_postman_exported_using": "Postman\/7.35.0"
}