{
  "id": "e6c19508-94ea-4898-80e2-cf676fca58b1",
  "name": "opf-iss-d0",
  "values": [
    {
      "key": "token",
      "value": "",
      "enabled": true
    },
    {
      "key": "rootUrl",
      "value": "https:\/\/opf-iss-d0.api.commerce.stage.context.cloud.sap",
      "enabled": true
    },
    {
      "key": "accountGroupId",
      "value": "72",
      "enabled": true
    },
    {
      "key": "accountId",
      "value": "48",
      "enabled": true
    },
    {
      "key": "authentication_inbound_basic_auth_username_export_88",
      "value": "adyen_notify_basic_export_username",
      "enabled": true
    }
    ,
    {
      "key": "authentication_inbound_basic_auth_password_export_88",
      "value": "adyen_notify_basic_export_password",
      "enabled": true
    }
    ,
    {
      "key": "authentication_outbound_api_key_value_export_23",
      "value": "(Webservice User)Adyen Hosted Field_export_export",
      "enabled": true
    }
    ,
    {
      "key": "authentication_outbound_api_key_value_export_77",
      "value": "(Webservice User)API Key_export_export_export_export",
      "enabled": true
    }
    ,
    {
      "key": "capturePattern",
      "value": "PARTIAL_CAPTURE",
      "enabled": true
    }
    ,
    {
      "key": "supportOverCapture",
      "value": "false",
      "enabled": true
    }
    ,
    {
      "key": "enableOverCapture",
      "value": "false",
      "enabled": true
    }
    ,
    {
      "key": "authorizationTimeoutDays",
      "value": "7",
      "enabled": true
    }
    ,
    {
      "key": "themeID",
      "value": "97fa9506-98f8-492c-bad8-8534496ac198",
      "enabled": true
    }
    ,
    {
      "key": "skinCode",
      "value": "0CKaQtGq",
      "enabled": true
    }
    ,
    {
      "key": "merchantCode",
      "value": "SAPCOM_STAGE_GATEWAY",
      "enabled": true
    }
    ,
    {
      "key": "checkoutPaymentHost",
      "value": "checkout-test.adyen.com",
      "enabled": true
    }
    ,
    {
      "key": "hostedPaymentPageHost",
      "value": "test.adyen.com",
      "enabled": true
    }
    ,
    {
      "key": "standardPaymentHost",
      "value": "pal-test.adyen.com",
      "enabled": true
    }
    ,
    {
      "key": "skinHmacKey",
      "value": "",
      "enabled": true
    }
    ,
    {
      "key": "apiVersion",
      "value": "v64",
      "enabled": true
    }
    
  ],
  "_postman_variable_scope": "environment",
  "_postman_exported_at": "",
  "_postman_exported_using": "Postman\/7.35.0"
}