{
  "id": "9630d7da-fbe2-427b-bcc2-35403821e52b",
  "name": "opf-iss-d0",
  "values": [
    {
      "key": "token",
      "value": "",
      "enabled": true
    },
    {
      "key": "rootUrl",
      "value": "https:\/\/opf-iss-d0.api.commerce.stage.context.cloud.sap",
      "enabled": true
    },
    {
      "key": "accountGroupId",
      "value": "32",
      "enabled": true
    },
    {
      "key": "accountId",
      "value": "11",
      "enabled": true
    },
    {
      "key": "authentication_inbound_basic_auth_username_export_50",
      "value": "(Notification Basic Auth)Adyen Hosted Field_export_export_username",
      "enabled": true
    }
    ,
    {
      "key": "authentication_inbound_basic_auth_password_export_50",
      "value": "(Notification Basic Auth)Adyen Hosted Field_export_export_password",
      "enabled": true
    }
    ,
    {
      "key": "authentication_outbound_api_key_value_export_23",
      "value": "(Webservice User)Adyen Hosted Field_export_export",
      "enabled": true
    }
    ,
    {
      "key": "authentication_outbound_api_key_value_export_49",
      "value": "(Webservice User)Adyen Hosted Field_export_export",
      "enabled": true
    }
    ,
    {
      "key": "capturePattern",
      "value": "PARTIAL_CAPTURE",
      "enabled": true
    }
    ,
    {
      "key": "supportOverCapture",
      "value": "false",
      "enabled": true
    }
    ,
    {
      "key": "enableOverCapture",
      "value": "false",
      "enabled": true
    }
    ,
    {
      "key": "authorizationTimeoutDays",
      "value": "7",
      "enabled": true
    }
    ,
    {
      "key": "googlePayGateway",
      "value": "adyen",
      "enabled": true
    }
    ,
    {
      "key": "checkoutPaymentHost",
      "value": "checkout-test.adyen.com",
      "enabled": true
    }
    ,
    {
      "key": "merchantCode",
      "value": "SAPCOM_STAGE_GATEWAY",
      "enabled": true
    }
    ,
    {
      "key": "serviceVersion",
      "value": "v67",
      "enabled": true
    }
    ,
    {
      "key": "clientKey",
      "value": "",
      "enabled": true
    }
    ,
    {
      "key": "sdkVersion",
      "value": "4.2.3",
      "enabled": true
    }
    ,
    {
      "key": "checkoutShopperHost",
      "value": "checkoutshopper-test.adyen.com",
      "enabled": true
    }
    ,
    {
      "key": "mode",
      "value": "test",
      "enabled": true
    }
    ,
    {
      "key": "standardPaymentHost",
      "value": "pal-test.adyen.com",
      "enabled": true
    }
    ,
    {
      "key": "allow3DS2",
      "value": "true",
      "enabled": true
    }
    ,
    {
      "key": "notificationHmacKey",
      "value": "",
      "enabled": true
    }
    
  ],
  "_postman_variable_scope": "environment",
  "_postman_exported_at": "",
  "_postman_exported_using": "Postman\/7.35.0"
}